{"id":"tGzaGLzt4iMOtUEuZGzI","folderId":null,"conclusion":{"title":"Conclusão","content":"Parabéns por concluir este curso! Você deu um passo importante para liberar todo o seu potencial. Concluir este curso não é apenas adquirir conhecimento; trata-se de colocar esse conhecimento em prática e causar um impacto positivo no mundo ao seu redor."},"version":4,"teamId":null,"category":"Career Development","sections":{"topic3_12pVhYTdOL":{"short":"Entrevista","name":"3. Dicas Práticas para Entrevistas: Como Se Apresentar e Se Destacar em Processos Seletivos","blocks":{"hig_OU4GYr3qOx":{"title":"Conclusão - 3. Dicas Práticas para Entrevistas: Como Se Apresentar e Se Destacar em Processos Seletivos","content":"Durante as entrevistas, a apresentação pessoal e a capacidade de se destacar são cruciais. Dicas práticas ajudam a construir confiança e aumentar as chances de sucesso.","type":"highlight","order":2},"htm-bvsH8VtNGq":{"type":"html","html":"<p>As entrevistas de emprego são etapas cruciais para quem está iniciando no mercado de trabalho, especialmente para os adolescentes. Essa experiência pode ser desafiadora, mas com algumas dicas práticas, é possível se destacar e fazer uma boa impressão. Aqui estão algumas orientações valiosas para se preparar e se apresentar de maneira eficaz.</p>\n<h2>Pesquisa Pré-Entrevista</h2>\n<p>Antes de ir para a entrevista, é essencial fazer uma pesquisa sobre a empresa e a vaga. Conhecer a missão, os valores e os principais produtos ou serviços da organização pode ser um diferencial importante. Isso demonstra interesse e preparo do candidato.</p>\n<h3>Dicas de Pesquisa:</h3>\n<ul>\n<li><strong>Visite o site da empresa</strong>: Leia sobre a sua história, cultura e notícias recentes.</li>\n<li><strong>Verifique as redes sociais</strong>: Veja como a empresa se comunica e quais são suas principais novidades ou projetos.</li>\n<li><strong>Converse com alguém que trabalha na empresa</strong>: Se possível, adquira insights diretos sobre o clima e o dia a dia da organização.</li>\n</ul>\n<h2>Preparação da Apresentação Pessoal</h2>\n<p>No dia da entrevista, a maneira como você se apresenta é fundamental. Uma boa apresentação pessoal passa confiança e profissionalismo.</p>\n<h3>Vestimenta:</h3>\n<ul>\n<li><strong>Escolha adequada</strong>: Vista-se de acordo com o ambiente da empresa. Em geral, um visual mais formal é preferido, mas algumas empresas podem ter um dress code mais casual.</li>\n<li><strong>Atenção aos detalhes</strong>: Certifique-se de que suas roupas estão limpas e bem-passadas.</li>\n</ul>\n<h3>Linguagem Corporal:</h3>\n<ul>\n<li><strong>Postura</strong>: Mantenha uma postura aberta e confiante. Evite cruzar os braços e mantenha os ombros relaxados.</li>\n<li><strong>Olhar</strong>: Estabeleça contato visual com o entrevistador. Isso demonstra segurança.</li>\n</ul>\n<h2>Como Responder Perguntas</h2>\n<p>As perguntas durante a entrevista podem variar, mas há algumas recomendações para responder de forma eficiente.</p>\n<h3>Estrutura das Respostas:</h3>\n<ul>\n<li><strong>Técnica STAR</strong>: Ao responder perguntas sobre experiências anteriores, utilize a técnica STAR (Situação, Tarefa, Ação, Resultado). Por exemplo, quando perguntado sobre um desafio enfrentado, descreva a situação, qual era sua responsabilidade, quais ações tomou e quais resultados obteve.</li>\n<li><strong>Seja conciso</strong>: Responda de forma clara e objetiva, evitando se perder em detalhes desnecessários.</li>\n</ul>\n<h3>Perguntas Comuns:</h3>\n<ul>\n<li><strong>Fale sobre você:</strong> Prepare uma breve apresentação pessoal que inclua suas experiências, habilidades e motivação para a vaga.</li>\n<li><strong>Por que você quer trabalhar aqui?</strong>: Utilize suas pesquisas para mostrar por que a empresa e a vaga são atraentes para você.</li>\n</ul>\n<h2>Demonstração de Habilidades e Qualificações</h2>\n<p>Ao longo da entrevista, é importante mostrar suas habilidades e como elas se relacionam com a vaga.</p>\n<h3>Exemplos Práticos:</h3>\n<ul>\n<li><strong>Experiências anteriores</strong>: Relacione experiências anteriores, mesmo que informais, como trabalhos voluntários ou projetos escolares.</li>\n<li><strong>Habilidades interpessoais</strong>: Destaque suas habilidades de trabalho em equipe, comunicação e resolução de conflitos, que são altamente valorizadas por muitas empresas.</li>\n</ul>\n<h2>Perguntas ao Entrevistador</h2>\n<p>No final da entrevista, é comum que o entrevistador ofereça a você a oportunidade de fazer perguntas. Aproveite esse momento para demonstrar seu interesse.</p>\n<h3>Exemplos de Perguntas:</h3>\n<ul>\n<li><strong>Sobre a equipe</strong>: &quot;Como é a dinâmica da equipe na qual eu trabalharia?&quot;</li>\n<li><strong>Sobre oportunidades de crescimento</strong>: &quot;Quais são as possibilidades de desenvolvimento profissional dentro da empresa?&quot;</li>\n</ul>\n<h2>Encerramento da Entrevista</h2>\n<p>Ao final da entrevista, é importante deixar uma boa impressão.</p>\n<h3>Agradecimentos:</h3>\n<ul>\n<li><strong>Agradeça</strong>: Não se esqueça de agradecer ao entrevistador pela oportunidade e pelo tempo dedicado.</li>\n<li><strong>Acompanhamento</strong>: Após a entrevista, considere enviar um email curto agradecendo novamente e reiterando seu interesse na vaga.</li>\n</ul>","order":1}},"order":3,"slug":"entrevista"},"qui_TkYOGgPHXV":{"name":"Questionário","blocks":{"9byxU4H504":{"type":"quiz","labels":{"Retry":"Tentar novamente","StartQuiz":"Iniciar teste","Review":"Rever","PassingScore":"Pontuação de aprovação:","Submit":"Enviar","failed":"reprovado","passed":"aprovado","Question":"Pergunta","YourScore":"Sua pontuação:","Advance":"Avançar"},"questions":{"mul_pfNNa9GzxH":{"choices":{"cho_lydHSRmeur":{"choice":"Realizar testes de personalidade e autoconhecimento","correct":true,"order":1},"cho_HjdLhmEmy2":{"correct":false,"order":3,"choice":"Focar apenas nas metas de curto prazo"},"cho_wSrktv3At0":{"choice":"Apenas perguntar a amigos e familiares","correct":false,"order":2}},"order":4,"question":"O que é essencial para entender as habilidades e interesses individuais?","type":"multiple-choice"},"mul_iPVWy6hEcM":{"question":"Qual é uma dica importante para se apresentar em uma entrevista de emprego?","choices":{"cho_sHQXPlKBRY":{"order":2,"choice":"Vestir-se adequadamente e ser autêntico","correct":true},"cho_bbnUXYmblr":{"correct":false,"order":3,"choice":"Falar apenas sobre suas dificuldades"},"cho_AbgQ7hdGYP":{"order":1,"choice":"Ser o mais formal possível e não sorrir","correct":false}},"order":3,"type":"multiple-choice"},"mul_EXmwOztoUU":{"question":"Como um adolescente pode se destacar em um processo seletivo?","type":"multiple-choice","order":6,"choices":{"cho_RfjMlhqtvo":{"choice":"Demonstrando confiança e conhecimento sobre a empresa","correct":true,"order":2},"cho_JkwtpxOr2v":{"correct":false,"order":3,"choice":"Chegando sempre atrasado"},"cho_L28V0lkgm2":{"order":1,"correct":false,"choice":"Apenas repetir o que os outros candidatos disseram"}}},"mul_HTtzzpNVQ1":{"choices":{"cho_daikG8rzKB":{"choice":"Informações irrelevantes e excessivas","correct":false,"order":3},"cho_GBAXrMCXfb":{"choice":"Uso de jargões e palavras difíceis","order":1,"correct":false},"cho_uvUPBeThqH":{"order":2,"choice":"Clareza e estrutura organizada","correct":true}},"type":"multiple-choice","order":5,"question":"Qual é um dos principais elementos de um currículo atraente?"},"mul_mC6vztHAvp":{"type":"multiple-choice","order":2,"question":"O que deve ser destacado em um currículo eficaz?","choices":{"cho_OYUlAIH8Ts":{"order":3,"correct":false,"choice":"Atividades de lazer e hobbies"},"cho_jMu894nc9M":{"order":2,"choice":"Habilidades, interesses e experiências relevantes","correct":true},"cho_z20OlZu6lJ":{"order":1,"correct":false,"choice":"Apenas experiências de trabalho anteriores"}}},"mul_bLNOq0XCXV":{"order":1,"question":"Qual é o primeiro passo recomendado para iniciar um adolescente no mercado de trabalho?","type":"multiple-choice","choices":{"cho_uRQXk6DzMY":{"choice":"Enviar currículos para várias empresas","order":3,"correct":false},"cho_dByZtAXH1H":{"correct":true,"order":2,"choice":"Preparação e autoconhecimento"},"cho_SFW6xN8hds":{"correct":false,"order":1,"choice":"Desenvolver habilidades técnicas específicas"}}}},"config":{"showScore":true,"allowReview":"never","showAllQuestionsInPage":true,"allowRetry":"never","showCorrectAnswers":false,"showIntro":false,"gradedQuiz":true,"advanceOnSubmit":true,"randomizeQuestions":true,"cannotProgressWhenFailed":false,"showStudentAnswers":true},"order":1}},"slug":"quiz","headline":"Verifique o seu conhecimento respondendo a algumas perguntas","short":"Questionário","order":6},"topic1_RPGYKikntg":{"short":"Autoconhecimento","order":1,"name":"1. Preparação e Autoconhecimento: Entendendo Habilidades e Interesses Individuais","blocks":{"htm-o1v0dSHEZU":{"order":1,"type":"html","html":"<h1>Preparação e Autoconhecimento: Entendendo Habilidades e Interesses Individuais</h1>\n<p>O primeiro passo para entrar no mercado de trabalho é o autoconhecimento. Saber suas habilidades e interesses ajuda a escolher uma profissão e se destacar. Isso traz mais confiança na tomada de decisões.</p><p><br></p>\n<h2>Habilidades Pessoais</h2>\n<p>Cada indivíduo possui um conjunto de habilidades que pode estar inserido em diferentes categorias, como habilidades técnicas, interpessoais e de resolução de problemas. As <strong>habilidades técnicas</strong> referem-se ao conhecimento específico de uma área, como programação, design, ou habilidades administrativas. Já as <strong>habilidades interpessoais</strong> são essenciais para o trabalho em equipe e envolvem comunicação, empatia e liderança. Por fim, as <strong>habilidades de resolução de problemas</strong> ajudam a enfrentar desafios e tomar decisões eficazes.</p>\n<p>Identificar quais dessas habilidades já são desenvolvidas e quais podem ser aprimoradas é um exercício importante. Uma boa maneira de iniciar essa identificação é através da autoavaliação, onde o adolescente lista suas habilidades percebidas. Além disso, feedbacks de professores, amigos e familiares podem oferecer uma visão mais ampla sobre pontos fortes e áreas a melhorar.</p>\n<h2>Interesses Individuais</h2>\n<p>Além das habilidades, é fundamental explorar os interesses pessoais. O que motiva o adolescente? Quais atividades ele desfruta? Esta exploração pode ser feita através de ferramentas como testes vocacionais, que ajudam a mapear preferências em diversas áreas, como artes, ciências, tecnologia e serviços. Entender o que motiva e quais atividades despertam interesse facilita a escolha profissional. Testes vocacionais e registros de experiências em um diário ou portfólio ajudam a visualizar caminhos.</p><p><span style=\"color: rgb(51 65 85 / var(--tw-text-opacity)); font-size: 1.125rem; letter-spacing: -0.025em;\">Ao longo do tempo, essa prática favorecerá uma visão mais clara sobre a intersecção entre suas habilidades e interesses.</span></p>\n<h2>Decisão e Planejamento</h2>\n<p>A partir do entendimento de habilidades e interesses, o adolescente pode começar a fazer escolhas informadas sobre sua futura carreira. Essa etapa é sobre formalizar intenções e estabelecer um planejamento. Saber qual país ou região oferece melhores oportunidades para as áreas de interesse escolhido pode ser um diferencial significativo.</p>\n<p>É importante também considerar a possibilidade de explorar áreas adjacentes. Muitas vezes, as habilidades adquiridas em uma área complementar podem ser valiosas em outra. Por exemplo, um jovem que possui habilidades em design gráfico pode se sentir atraído por áreas como marketing digital, onde essa competência é altamente valorizada.</p>\n<h2>Networking e Orientação Profissional</h2><div>Além do autoconhecimento, construir uma rede de contatos é essencial para entender melhor o mercado de trabalho e encontrar oportunidades. Participar de eventos, palestras e workshops ajuda a conhecer profissionais da área de interesse e a se atualizar sobre tendências do setor.</div><div><br></div><div>Buscar mentores ou profissionais experientes também pode ser um grande diferencial. Ter alguém para oferecer orientações práticas, compartilhar experiências e dar conselhos sobre desafios comuns na carreira pode tornar o processo de inserção no mercado mais seguro e estratégico. Além disso, interações em redes sociais profissionais, como o LinkedIn, podem facilitar conexões valiosas e até mesmo gerar oportunidades de estágio ou emprego.</div>"},"hig_jrSbrWw01l":{"content":"Entender suas habilidades e interesses é essencial para iniciar a trajetória profissional. Essa autodescoberta é o primeiro passo rumo a um futuro promissor.","order":2,"title":"Conclusão - 1. Preparação e Autoconhecimento: Entendendo Habilidades e Interesses Individuais","type":"highlight"}},"slug":"autoconhecimento"},"topic2_FzHanXtxqX":{"slug":"curriculo","order":2,"short":"Currículo","name":"2. Desenvolvimento de um Currículo Eficaz: Como Montar e Apresentar um Currículo Atraente","blocks":{"htm-5DfIr7q9p4":{"html":"<h1>Desenvolvimento de um Currículo Eficaz: Como Montar e Apresentar um Currículo Atraente</h1>\n<p>O currículo é uma ferramenta essencial na busca por um emprego, especialmente para adolescentes que estão ingressando pela primeira vez no mercado de trabalho. Para um adolescente, o currículo é a primeira impressão que um potencial empregador terá, e, portanto, deve ser elaborado com cuidado e atenção. Este documento pode abrir portas ou limitar oportunidades, e por isso, seu desenvolvimento deve ser uma prioridade.</p>\n<h2>Estrutura do Currículo</h2>\n<p>Um currículo bem estruturado deve seguir uma formatação clara e organizada. As seções principais que devem ser incluídas são:</p>\n<ul>\n<li><p><strong>Dados Pessoais:</strong> Nome completo, telefone, e-mail e, se pertinente, endereço. É importante que essas informações sejam atualizadas e facilmente acessíveis.</p>\n</li>\n<li><p><strong>Objetivo Profissional:</strong> Uma breve descrição que indique o que o adolescente busca em sua primeira experiência profissional. Deve ser conciso e focar nas habilidades que podem ser apresentadas no trabalho almejado.</p>\n</li>\n<li><p><strong>Formação Acadêmica:</strong> Informações sobre o colégio ou escola técnica, incluindo o nome da instituição, ano de conclusão ou previsão de conclusão. Para adolescentes, a formação pode ainda incluir cursos extracurriculares relevantes.</p>\n</li>\n<li><p><strong>Experiência Profissional:</strong> Mesmo que o adolescente não tenha experiência formal, é importante incluir estágios, trabalhos voluntários ou qualquer atividade que demonstre habilidades relevantes. Focar em atividades que mostram responsabilidade, trabalho em equipe e compromisso pode ser um grande diferencial.</p>\n</li>\n<li><p><strong>Habilidades e Competências:</strong> Esta seção deve destacar tanto habilidades técnicas quanto interpessoais. Para adolescentes, pode ser interessante listar habilidades como domínio de certos programas de computador, capacidade de lidar com pessoas, facilidade em aprender, entre outros.</p>\n</li>\n<li><p><strong>Atividades Extracurriculares:</strong> Participação em clubes, competições, projetos escolares ou eventos que demonstrem proatividade, liderança e interesse em aprender.</p>\n</li>\n</ul>\n<h2>Apresentação do Currículo</h2>\n<p>A estética do currículo é igualmente importante. Um currículo visualmente atraente pode destacar um candidato em um mar de documentos semelhantes. Algumas dicas para a apresentação incluem:</p>\n<ul>\n<li><p><strong>Fonte e Tamanho:</strong> Utilize fontes simples e limpas, como Arial ou Calibri. O tamanho ideal é entre 10 e 12 pontos, garantindo que o texto seja legível.</p>\n</li>\n<li><p><strong>Margens e Espaçamento:</strong> Use margens adequadas e espaçamento entre as seções para garantir que o currículo não pareça abarrotado. Um espaçamento de 1,5 entre as linhas é geralmente confortável para leitura.</p>\n</li>\n<li><p><strong>Uso de Títulos e Subtítulos:</strong> Os títulos devem ser destacados para facilitar a leitura. Usar negrito ou um tamanho maior para seções principais pode ajudar na organização.</p>\n</li>\n<li><p><strong>Evitar Excessos:</strong> É recomendável limitar o currículo a uma página, especialmente para adolescentes sem muita experiência. Evitar informações desnecessárias mantém o foco no que realmente importa.</p>\n</li>\n<li><p><strong>Personalização:</strong> Adaptar o currículo para a vaga específica pode ser um diferencial. Usar palavras-chave do anúncio da vaga pode ajudar a alinhar as experiências e habilidades do candidato com as necessidades do empregador.</p>\n</li>\n</ul>\n<h2>Dicas Adicionais</h2>\n<ul>\n<li><p><strong>Revisão Gramatical:</strong> Erros de gramática ou ortografia podem prejudicar a imagem do candidato. Sempre revise o currículo ou peça para outra pessoa revisá-lo.</p>\n</li>\n<li><p><strong>Formato Digital e Impressão:</strong> Além de ter uma versão impressa, subir o currículo para plataformas digitais de busca de emprego é essencial nos dias de hoje. Certifique-se de que a versão digital está em um formato amplamente aceito, como PDF, para evitar que o layout seja alterado.</p>\n</li>\n<li><p><strong>Acompanhamento:</strong> Após o envio do currículo, fazer um acompanhamento com a empresa pode demonstrar interesse e proatividade, fatores que os empregadores frequentemente buscam em candidatos.</p>\n</li>\n</ul>\n<p>Um currículo bem montado é uma porta de entrada para o mundo profissional e, quando elaborado com dedicação e cuidados, pode ser a chave para novas oportunidades para adolescentes em início de carreira.</p>","order":1,"type":"html"},"hig_2w2t0EpPaL":{"title":"Conclusão - 2. Desenvolvimento de um Currículo Eficaz: Como Montar e Apresentar um Currículo Atraente","order":2,"type":"highlight","content":"Um currículo bem estruturado é sua principal carta de apresentação. Saber montá-lo e apresentá-lo com clareza pode abrir portas e oportunidades no mercado de trabalho."}}},"wrapup":{"headline":"Vamos rever o que acabamos de ver até agora","name":"Resumo","short":"Resumo","blocks":{"lis_aNqMGdSvCJ":{"order":1,"items":{"ite_lxn7KgTFKd":{"content":"Um currículo bem estruturado é sua principal carta de apresentação. Saber montá-lo e apresentá-lo com clareza pode abrir portas e oportunidades no mercado de trabalho.","order":2,"title":"2. Desenvolvimento de um Currículo Eficaz: Como Montar e Apresentar um Currículo Atraente"},"ite_kJCMti5Kw8":{"content":"Durante as entrevistas, a apresentação pessoal e a capacidade de se destacar são cruciais. Dicas práticas ajudam a construir confiança e aumentar as chances de sucesso.","title":"3. Dicas Práticas para Entrevistas: Como Se Apresentar e Se Destacar em Processos Seletivos","order":3},"ite_VzEd9aTXej":{"title":"1. Preparação e Autoconhecimento: Entendendo Habilidades e Interesses Individuais","order":1,"content":"Entender suas habilidades e interesses é essencial para iniciar a trajetória profissional. Essa autodescoberta é o primeiro passo rumo a um futuro promissor."}},"type":"list","view":"checklist"}},"order":5,"slug":"wrapup"},"practice":{"short":"Prática","name":"Exercícios Práticos","order":4,"slug":"practice","blocks":{"lis_bHKtci6SFS":{"items":{"DfIz7eXHgr":{"title":"Mapa de Habilidades Pessoais","content":"Peça aos adolescentes que façam um mapa mental ou uma lista de suas habilidades e interesses. Eles devem incluir habilidades técnicas (como computação, línguas, ou artesanato) e habilidades interpessoais (como comunicação, trabalho em equipe, ou resolução de conflitos). Após isso, cada aluno deve apresentar seu mapa para a turma, explicando por que considera essas habilidades importantes para sua futura carreira.","order":1},"kxReJKSfl3":{"title":"Simulação de Entrevista","order":3,"content":"Divida os alunos em pares, onde um será o entrevistador e o outro o candidato. Forneça uma lista de perguntas comuns de entrevistas para que o entrevistador utilize. Após cada simulação, os alunos devem trocar de papéis e repetir o exercício. Após a prática, conduza uma discussão em grupo sobre como se sentiram durante a simulação e quais dicas encontraram mais úteis."},"iLc0Wy9asE":{"content":"Os alunos deverão elaborar um currículo fictício, incluindo suas informações pessoais, habilidades, experiências (mesmo que não tenham, podem criar experiências de voluntariado ou estágios simulados), e interesses. Em seguida, cada aluno deve apresentar seu currículo para o grupo, recebendo feedback dos colegas sobre a clareza e a atratividade do documento.","title":"Elaboração de Currículo","order":2}},"type":"list","view":"accordion","order":2},"htm_7ySJSOLCCj":{"type":"html","order":1,"html":"<p>Nesta lição, colocaremos a teoria em prática por meio de atividades práticas. Clique nos itens abaixo para conferir cada exercício e desenvolver habilidades práticas que o ajudarão a ter sucesso na disciplina.</p>"}},"headline":"Vamos colocar os seus conhecimentos em prática"}},"format":"onepage","overview":{"content":"Este curso oferece estratégias práticas para adolescentes ingressarem no mercado de trabalho. Aborda currículo, entrevistas, habilidades e postura profissional, ajudando a começar com o pé direito.","title":"Visão geral"},"viewCount":0,"keywords":{"keyword4":"Resume Writing","keyword2":"Career Guidance","keyword3":"Job Readiness","keyword1":"Teen Employment","keyword5":"Interview Skills"},"name":"Como Iniciar um Adolescente no Mercado de Trabalho","settings":{"showBackdrop":true,"navigationMode":"restricted","showBrandInFooter":true},"updatedAt":"2025-02-25T22:18:49.940Z","createdAt":"2025-02-25T22:07:37.097Z","coverImage":"https://pixabay.com/get/g35d25a5fa38fae93dee6863e3a9e12920621eba59d52ac451b0ffe66cf5dd63eb249a45afed16ef8838cd5d197c988c940ec7acc3639deef25d99c3d92d58c81_640.jpg","colorScheme":"green","headline":"Guia Prático para Introduzir Jovens na Vida Profissional","languageId":"pt-BR"}